Workbook

Sheet Product Backlog
A1: Pila del producto | F1: Fecha estimada | H1: Fecha real
A2: Tarea | B2: Responsable | C2: Estimar HH | D2: Estado | E2: Objetivo del sprint | F2: Inicio | G2: Fin | H2: Inicio | I2: Fin | J2: HH Efectivos
A3: Determinar entidades y atributos | B3: Sofía Cariñe | C3: 2 | D3: Terminado | E3: Destacar las entidades y atributos. y juntar toda la información | F3: 46142 | G3: 46143 | H3: 46142 | I3: 46143 | J3: 3
A4: Determinar entidades y atributos | B4: Omar Olmos | C4: 2 | D4: Terminado | E4: Destacar las entidades y atributos. y juntar toda la información | F4: 46142 | G4: 46143 | H4: 46142 | I4: 46143 | J4: 3
A5: Word incremento 1 | B5: Sofía Cariñe | C5: 15 | D5: Terminado | E5: Realizar la documentacion de todo el incremento 1 | F5: 01-05-2026 | G5: 10-06-2026 | H5: 46143 | I5: 46186 | J5: 25
A6: Diagrama MERE Boceto | B6: Silvio Villagra | C6: 4.5 | D6: Terminado | E6: Realizar el MERE | F6: 46143 | G6: 46143 | H6: 46143 | I6: 46143 | J6: 8
A7: Diagrama MERE Boceto | B7: Jhoe Castillo | C7: 2.5 | D7: Terminado | E7: Ordenar el MERE | F7: 46143 | G7: 46143 | H7: 46143 | I7: 46143 | J7: 4
A8: Revisión de entidades en conjunto | B8: Silvio Villagra | C8: 4 | D8: Terminado | E8: Revisar y comparar las entidades que se comparten con los otros grupos | F8: 46144 | G8: 46144 | H8: 46144 | I8: 46144 | J8: 6
A9: Corregir documento 0 | B9: Karla Curín | C9: 2 | D9: Terminado | E9: Revisar los errores que encontro el profe y arreglarlos | F9: 46144 | G9: 46145 | H9: 46144 | I9: 46183 | J9: 15
A10: Corregir documento 0 | B10: Jhoe Castillo | C10: 2 | D10: Terminado | E10: Revisar los errores que encontro el profe y arreglarlos | F10: 46144 | G10: 46145 | H10: 46144 | I10: 46183 | J10: 15
A11: Diagrama de componentes | B11: Silvio Villagra | C11: 1.5 | D11: Terminado | E11: Realizar diagrama de componentes | F11: 46147 | G11: 46147 | H11: 46147 | I11: 46147 | J11: 3
A12: Diagrama de componentes | B12: Karla Curín | C12: 1.5 | D12: Terminado | E12: Realizar diagrama de componentes | F12: 46147 | G12: 46147 | H12: 46147 | I12: 46147 | J12: 3
A13: Diagrama de despliegue | B13: Sofía Cariñe | C13: 1 | D13: Terminado | E13: Realizar diagrama de despliegue | F13: 46147 | G13: 46147 | H13: 46147 | I13: 46147 | J13: 2
A14: Diagrama de despliegue | B14: Omar Olmos | C14: 1 | D14: Terminado | E14: Realizar diagrama de despliegue | F14: 46147 | G14: 46147 | H14: 46147 | I14: 46147 | J14: 2
A15: Diagrama de despliegue | B15: Jhoe Castillo | C15: 1 | D15: Terminado | E15: Realizar diagrama de despliegue | F15: 46147 | G15: 46147 | H15: 46147 | I15: 46147 | J15: 2
A16: Corregir Bizagi | B16: Sofía Cariñe | C16: 1 | D16: Terminado | E16: Arreglar unos errores que encontro el profe | F16: 46149 | G16: 46149 | H16: 46149 | I16: 46149 | J16: 0.5
A17: Revisión de entidades en conjunto | B17: Silvio Villagra | C17: 4.5 | D17: Terminado | E17: Revisar y comparar las entidades que se comparten con los otros grupos | F17: 46150 | G17: 46150 | H17: 46150 | I17: 46150 | J17: 4.5
... A118: Pruebas del sistema iteración 3 | B118: Lenin Reyes | C118: 5 | D118: Terminado | E118: Realizar las pruebas del sistema de los casos de uso | F118: 46271 | G118: 46273 | H118: 46271 | I118: 46273 | J118: 6

Sheet Graficos Burn I_1
A1: Día | B1: Esfuerzo estimado acumulado [HH] | C1: Esfuerzo real acumulado [HH] | E1: Día | F1: Burndown estimado [HH] | G1: Burndown real [HH]
A2: Dia 0 | B2: 4 | C2: 0 | E2: Dia 0 | F2: 327 | G2: 606.5
A3: Dia 1 | B3: 26 | C3: 24 | E3: Dia 1 | F3: 305 | G3: 582.5
A4: Dia 2 | B4: 34 | C4: 30 | E4: Dia 2 | F4: 297 | G4: 576.5
A5: Dia 3 | B5: 34 | C5: 30 | E5: Dia 3 | F5: 297 | G5: 576.5
A6: Dia 4 | B6: 34 | C6: 30 | E6: Dia 4 | F6: 297 | G6: 576.5
A7: Dia 5 | B7: 40 | C7: 42 | E7: Dia 5 | F7: 291 | G7: 564.5
A8: Dia 6 | B8: 40 | C8: 42 | E8: Dia 6 | F8: 291 | G8: 564.5
A9: Dia 7 | B9: 41 | C9: 42.5 | E9: Dia 7 | F9: 290 | G9: 564
A10: Dia 8 | B10: 50 | C10: 51.5 | E10: Dia 8 | F10: 281 | G10: 555
A11: Dia 9 | B11: 50 | C11: 51.5 | E11: Dia 9 | F11: 281 | G11: 555
A12: Dia 10 | B12: 68 | C12: 69.5 | E12: Dia 10 | F12: 263 | G12: 537
A13: Dia 11 | B13: 73 | C13: 69.5 | E13: Dia 11 | F13: 258 | G13: 537
... A52: Dia 50 | B52: 331 | C52: 606.5 | E52: Dia 50 | F52: 0 | G52: 0

Sheet Graficos Burn I_2
A1: Día | B1: Esfuerzo estimado acumulado [HH] | C1: Esfuerzo real acumulado [HH] | E1: Día | F1: Burndown estimado [HH] | G1: Burndown real [HH]
A2: Día 0 | B2: 0 | C2: 0 | E2: Día 0 | F2: 178 | G2: 201
A3: Día 1 | B3: 2 | C3: 2 | E3: Día 1 | F3: 177 | G3: 201
A4: Día 2 | B4: 4 | C4: 4 | E4: Día 2 | F4: 175 | G4: 198
A5: Día 3 | B5: 6 | C5: 6 | E5: Día 3 | F5: 172 | G5: 195
A6: Día 4 | B6: 6 | C6: 6 | E6: Día 4 | F6: 168 | G6: 190
A7: Día 5 | B7: 6 | C7: 6 | E7: Día 5 | F7: 162 | G7: 182
A8: Día 6 | B8: 6 | C8: 6 | E8: Día 6 | F8: 158 | G8: 175
A9: Día 7 | B9: 24 | C9: 30 | E9: Día 7 | F9: 154 | G9: 168
A10: Día 8 | B10: 24 | C10: 30 | E10: Día 8 | F10: 147 | G10: 160
A11: Día 9 | B11: 24 | C11: 30 | E11: Día 9 | F11: 143 | G11: 154
A12: Día 10 | B12: 24 | C12: 30 | E12: Día 10 | F12: 136 | G12: 143
A13: Día 11 | B13: 47 | C13: 68 | E13: Día 11 | F13: 131 | G13: 133
... A34: Día 32 | B34: 178 | C34: 201 | E34: Día 32 | F34: 0 | G34: 0

Sheet Graficos Burn I_t
A1: Día | B1: Esfuerzo estimado acumulado [HH] | C1: Esfuerzo real acumulado [HH] | E1: Día | F1: Burndown estimado [HH] | G1: Burndown real [HH]
A2: Dia 0 | B2: 4 | C2: 0 | E2: Dia 0 | F2: ='Graficos Burn I_2'!F2+F$34 -> 505 | G2: ='Graficos Burn I_2'!G2+G$34 -> 807.5
A3: Dia 1 | B3: 26 | C3: 24 | E3: Dia 1 | F3: ='Graficos Burn I_2'!F3+F$34 -> 504 | G3: ='Graficos Burn I_2'!G3+G$34 -> 807.5
A4: Dia 2 | B4: 34 | C4: 30 | E4: Dia 2 | F4: ='Graficos Burn I_2'!F4+F$34 -> 502 | G4: ='Graficos Burn I_2'!G4+G$34 -> 804.5
A5: Dia 3 | B5: 34 | C5: 30 | E5: Dia 3 | F5: ='Graficos Burn I_2'!F5+F$34 -> 499 | G5: ='Graficos Burn I_2'!G5+G$34 -> 801.5
A6: Dia 4 | B6: 34 | C6: 30 | E6: Dia 4 | F6: ='Graficos Burn I_2'!F6+F$34 -> 495 | G6: ='Graficos Burn I_2'!G6+G$34 -> 796.5
A7: Dia 5 | B7: 40 | C7: 42 | E7: Dia 5 | F7: ='Graficos Burn I_2'!F7+F$34 -> 489 | G7: ='Graficos Burn I_2'!G7+G$34 -> 788.5
A8: Dia 6 | B8: 40 | C8: 42 | E8: Dia 6 | F8: ='Graficos Burn I_2'!F8+F$34 -> 485 | G8: ='Graficos Burn I_2'!G8+G$34 -> 781.5
A9: Dia 7 | B9: 41 | C9: 42.5 | E9: Dia 7 | F9: ='Graficos Burn I_2'!F9+F$34 -> 481 | G9: ='Graficos Burn I_2'!G9+G$34 -> 774.5
A10: Dia 8 | B10: 50 | C10: 51.5 | E10: Dia 8 | F10: ='Graficos Burn I_2'!F10+F$34 -> 474 | G10: ='Graficos Burn I_2'!G10+G$34 -> 766.5
A11: Dia 9 | B11: 50 | C11: 51.5 | E11: Dia 9 | F11: ='Graficos Burn I_2'!F11+F$34 -> 470 | G11: ='Graficos Burn I_2'!G11+G$34 -> 760.5
A12: Dia 10 | B12: 68 | C12: 69.5 | E12: Dia 10 | F12: ='Graficos Burn I_2'!F12+F$34 -> 463 | G12: ='Graficos Burn I_2'!G12+G$34 -> 749.5
A13: Dia 11 | B13: 73 | C13: 69.5 | E13: Dia 11 | F13: ='Graficos Burn I_2'!F13+F$34 -> 458 | G13: ='Graficos Burn I_2'!G13+G$34 -> 739.5
... A33: Dia 31 | B33: 204 | C33: 347.5 | E33: Dia 31 | F33: ='Graficos Burn I_2'!F33+F$34 -> 331 | G33: ='Graficos Burn I_2'!G33+G$34 -> 612.5
A34: Dia 32 | B34: 240 | C34: 347.5 | E34: Dia 32 | F34: 327 | G34: 606.5
A35: Dia 33 | B35: 240 | C35: 361.5 | E35: Dia 33 | F35: 305 | G35: 582.5
A36: Dia 34 | B36: 240 | C36: 361.5 | E36: Dia 34 | F36: 297 | G36: 576.5
A37: Dia 35 | B37: 240 | C37: 361.5 | E37: Dia 35 | F37: 297 | G37: 576.5
A38: Dia 36 | B38: 246 | C38: 369.5 | E38: Dia 36 | F38: 297 | G38: 576.5
A39: Dia 37 | B39: 254 | C39: 369.5 | E39: Dia 37 | F39: 291 | G39: 564.5
A40: Dia 38 | B40: 257 | C40: 369.5 | E40: Dia 38 | F40: 291 | G40: 564.5
A41: Dia 39 | B41: 257 | C41: 369.5 | E41: Dia 39 | F41: 290 | G41: 564
A42: Dia 40 | B42: 257 | C42: 383.5 | E42: Dia 40 | F42: 281 | G42: 555
A43: Dia 41 | B43: 263 | C43: 413.5 | E43: Dia 41 | F43: 281 | G43: 555
A44: Dia 42 | B44: 273 | C44: 421.5 | E44: Dia 42 | F44: 263 | G44: 537
A45: Dia 43 | B45: 273 | C45: 437.5 | E45: Dia 43 | F45: 258 | G45: 537
... A52: Dia 50 | B52: 331 | C52: 606.5 | E52: Dia 50 | F52: 210 | G52: 444
A53: Dia 51 | B53: ='Graficos Burn I_2'!B2+B$52 -> 331 | C53: ='Graficos Burn I_2'!C2+C$52 -> 606.5 | E53: Dia 51 | F53: 209 | G53: 442
A54: Dia 52 | B54: ='Graficos Burn I_2'!B3+B$52 -> 333 | C54: ='Graficos Burn I_2'!C3+C$52 -> 608.5 | E54: Dia 52 | F54: 198 | G54: 441
A55: Dia 53 | B55: ='Graficos Burn I_2'!B4+B$52 -> 335 | C55: ='Graficos Burn I_2'!C4+C$52 -> 610.5 | E55: Dia 53 | F55: 186 | G55: 419
A56: Dia 54 | B56: ='Graficos Burn I_2'!B5+B$52 -> 337 | C56: ='Graficos Burn I_2'!C5+C$52 -> 612.5 | E56: Dia 54 | F56: 176 | G56: 379
A57: Dia 55 | B57: ='Graficos Burn I_2'!B6+B$52 -> 337 | C57: ='Graficos Burn I_2'!C6+C$52 -> 612.5 | E57: Dia 55 | F57: 166 | G57: 348
A58: Dia 56 | B58: ='Graficos Burn I_2'!B7+B$52 -> 337 | C58: ='Graficos Burn I_2'!C7+C$52 -> 612.5 | E58: Dia 56 | F58: 166 | G58: 340
A59: Dia 57 | B59: ='Graficos Burn I_2'!B8+B$52 -> 337 | C59: ='Graficos Burn I_2'!C8+C$52 -> 612.5 | E59: Dia 57 | F59: 166 | G59: 340
A60: Dia 58 | B60: ='Graficos Burn I_2'!B9+B$52 -> 355 | C60: ='Graficos Burn I_2'!C9+C$52 -> 636.5 | E60: Dia 58 | F60: 166 | G60: 340
A61: Dia 59 | B61: ='Graficos Burn I_2'!B10+B$52 -> 355 | C61: ='Graficos Burn I_2'!C10+C$52 -> 636.5 | E61: Dia 59 | F61: 160 | G61: 334
A62: Dia 60 | B62: ='Graficos Burn I_2'!B11+B$52 -> 355 | C62: ='Graficos Burn I_2'!C11+C$52 -> 636.5 | E62: Dia 60 | F62: 132 | G62: 334
A63: Dia 61 | B63: ='Graficos Burn I_2'!B12+B$52 -> 355 | C63: ='Graficos Burn I_2'!C12+C$52 -> 636.5 | E63: Dia 61 | F63: 127 | G63: 334
A64: Dia 62 | B64: ='Graficos Burn I_2'!B13+B$52 -> 378 | C64: ='Graficos Burn I_2'!C13+C$52 -> 674.5 | E64: Dia 62 | F64: 127 | G64: 319
... A84: Dia 82 | B84: ='Graficos Burn I_2'!B33+B$52 -> 474 | C84: ='Graficos Burn I_2'!C33+C$52 -> 765.5 | E84: Dia 82 | F84: 0 | G84: 0
